"x","y","character","na.x","vertex.names","xend","yend","na.y","degree"
0.369234674304815,0.61652742527894,"Michael",FALSE,1,0.369234674304815,0.61652742527894,NA,24
0.702585758546292,0.74835437728633,"Dwight",FALSE,2,0.702585758546292,0.74835437728633,NA,27
0.412856761351257,0.430106621197184,"Jim",FALSE,3,0.412856761351257,0.430106621197184,NA,28
0.520853263654799,0.258163546494831,"Pam",FALSE,4,0.520853263654799,0.258163546494831,NA,27
0.710799420360516,0.557272025176542,"Andy",FALSE,5,0.710799420360516,0.557272025176542,NA,24
0.491386046401206,0.458584251987024,"Angela",FALSE,6,0.491386046401206,0.458584251987024,NA,25
0.439673487980756,0.756627070554207,"Kevin",FALSE,7,0.439673487980756,0.756627070554207,NA,22
0.817340686157304,0.562585631366696,"Erin",FALSE,8,0.817340686157304,0.562585631366696,NA,22
0.348746557849346,0.303956045067451,"Oscar",FALSE,9,0.348746557849346,0.303956045067451,NA,21
0.326396888718058,0.789407897102825,"Ryan",FALSE,10,0.326396888718058,0.789407897102825,NA,20
0.701799096290833,0.189103916547722,"Darryl",FALSE,11,0.701799096290833,0.189103916547722,NA,23
0.429223220152494,0.156188150363158,"Phyllis",FALSE,12,0.429223220152494,0.156188150363158,NA,20
0.251049026978314,0.52325153283217,"Kelly",FALSE,13,0.251049026978314,0.52325153283217,NA,20
0.598975552897516,0.329087255506514,"Toby",FALSE,14,0.598975552897516,0.329087255506514,NA,24
0.841108210975109,0.744070542132486,"Jan",FALSE,15,0.841108210975109,0.744070542132486,NA,18
0.555750606063556,0.900618819253598,"Stanley",FALSE,16,0.555750606063556,0.900618819253598,NA,22
0.971994914346566,0.338779576873269,"Meredith",FALSE,17,0.971994914346566,0.338779576873269,NA,21
0.876299932292712,0.932651564658477,"Holly",FALSE,18,0.876299932292712,0.932651564658477,NA,15
0.970658531117522,0.526358790051708,"Nellie",FALSE,19,0.970658531117522,0.526358790051708,NA,16
0.942751400097121,0.623093816239962,"Gabe",FALSE,20,0.942751400097121,0.623093816239962,NA,18
0.832464921256442,0.366634931708521,"Robert",FALSE,21,0.832464921256442,0.366634931708521,NA,17
0.738128475400551,0.0922182244727127,"Creed",FALSE,22,0.738128475400551,0.0922182244727127,NA,21
0.384986596607239,1,"David",FALSE,23,0.384986596607239,1,NA,18
0.127436486812526,0.842090884766421,"Karen",FALSE,24,0.127436486812526,0.842090884766421,NA,9
1,0,"Clark",FALSE,25,1,0,NA,10
0.148150090263402,0.317228404541148,"Charles",FALSE,26,0.148150090263402,0.317228404541148,NA,11
0,0.214071606441509,"Roy",FALSE,27,0,0.214071606441509,NA,11
0.924548183251387,0.170402753052261,"Pete",FALSE,28,0.924548183251387,0.170402753052261,NA,14
0.67972395875009,0.983306527101554,"Jo",FALSE,29,0.67972395875009,0.983306527101554,NA,22
0.109042245968122,0.642310143720089,"Deangelo",FALSE,30,0.109042245968122,0.642310143720089,NA,13
0,0.214071606441509,"Roy",FALSE,27,0.390706050818928,0.418515848017066,FALSE,11
0,0.214071606441509,"Roy",FALSE,27,0.495942362301543,0.256054756849481,FALSE,11
0,0.214071606441509,"Roy",FALSE,27,0.469003901984202,0.447446944803671,FALSE,11
0,0.214071606441509,"Roy",FALSE,27,0.676814902550079,0.189992771499035,FALSE,11
0,0.214071606441509,"Roy",FALSE,27,0.404447493509382,0.159529313230456,FALSE,11
0.109042245968122,0.642310143720089,"Deangelo",FALSE,30,0.34435651550294,0.618992626006814,FALSE,13
0.109042245968122,0.642310143720089,"Deangelo",FALSE,30,0.677975459025414,0.743957428629287,FALSE,13
0.109042245968122,0.642310143720089,"Deangelo",FALSE,30,0.392361185068351,0.444422044796629,FALSE,13
0.109042245968122,0.642310143720089,"Deangelo",FALSE,30,0.502572224752981,0.275216511535264,FALSE,13
0.109042245968122,0.642310143720089,"Deangelo",FALSE,30,0.468852590278362,0.469412149066323,FALSE,13
0.109042245968122,0.642310143720089,"Deangelo",FALSE,30,0.41604591406295,0.748457752910817,FALSE,13
0.109042245968122,0.642310143720089,"Deangelo",FALSE,30,0.792497562810156,0.565381918612024,FALSE,13
0.109042245968122,0.642310143720089,"Deangelo",FALSE,30,0.334294645931716,0.324355609815874,FALSE,13
0.109042245968122,0.642310143720089,"Deangelo",FALSE,30,0.305692621179912,0.775395998383918,FALSE,13
0.109042245968122,0.642310143720089,"Deangelo",FALSE,30,0.681938882656075,0.204288511187743,FALSE,13
0.109042245968122,0.642310143720089,"Deangelo",FALSE,30,0.415471902480167,0.17706639890739,FALSE,13
0.109042245968122,0.642310143720089,"Deangelo",FALSE,30,0.577912242403696,0.342553396417739,FALSE,13
0.109042245968122,0.642310143720089,"Deangelo",FALSE,30,0.534108398478574,0.888104233729155,FALSE,13
0.109042245968122,0.642310143720089,"Deangelo",FALSE,30,0.65826323454173,0.970483215655102,FALSE,13
0.127436486812526,0.842090884766421,"Karen",FALSE,24,0.350953962031353,0.633580740463235,FALSE,9
0.127436486812526,0.842090884766421,"Karen",FALSE,24,0.677911308974625,0.752375762412785,FALSE,9
0.127436486812526,0.842090884766421,"Karen",FALSE,24,0.398619755278782,0.45065674669783,FALSE,9
0.127436486812526,0.842090884766421,"Karen",FALSE,24,0.506884356058141,0.278896843882271,FALSE,9
0.127436486812526,0.842090884766421,"Karen",FALSE,24,0.688334028128586,0.568240441282142,FALSE,9
0.127436486812526,0.842090884766421,"Karen",FALSE,24,0.474176800010304,0.476718248751589,FALSE,9
0.127436486812526,0.842090884766421,"Karen",FALSE,24,0.415560445832851,0.763227161339442,FALSE,9
0.127436486812526,0.842090884766421,"Karen",FALSE,24,0.419155047434171,0.179071154932357,FALSE,9
0.127436486812526,0.842090884766421,"Karen",FALSE,24,0.582057385650706,0.34749311373179,FALSE,9
0.127436486812526,0.842090884766421,"Karen",FALSE,24,0.81634072734764,0.747472270334894,FALSE,9
0.127436486812526,0.842090884766421,"Karen",FALSE,24,0.530980793203253,0.897234093139776,FALSE,9
0.127436486812526,0.842090884766421,"Karen",FALSE,24,0.363673623690349,0.986932590714149,FALSE,9
0.127436486812526,0.842090884766421,"Karen",FALSE,24,0.00497162998914639,0.238572277763965,FALSE,9
0.127436486812526,0.842090884766421,"Karen",FALSE,24,0.655503183704514,0.977113461932221,FALSE,9
0.148150090263402,0.317228404541148,"Charles",FALSE,26,0.354380826268924,0.596418641165357,FALSE,11
0.148150090263402,0.317228404541148,"Charles",FALSE,26,0.682850197695454,0.733008119178802,FALSE,11
0.148150090263402,0.317228404541148,"Charles",FALSE,26,0.389860322762857,0.420300306280258,FALSE,11
0.148150090263402,0.317228404541148,"Charles",FALSE,26,0.496161408131989,0.262076636174439,FALSE,11
0.148150090263402,0.317228404541148,"Charles",FALSE,26,0.468269648705434,0.449064159678077,FALSE,11
0.148150090263402,0.317228404541148,"Charles",FALSE,26,0.425852265829093,0.735795032290167,FALSE,11
0.148150090263402,0.317228404541148,"Charles",FALSE,26,0.793868634758737,0.553979656515291,FALSE,11
0.148150090263402,0.317228404541148,"Charles",FALSE,26,0.323801100552162,0.305606548092098,FALSE,11
0.148150090263402,0.317228404541148,"Charles",FALSE,26,0.407531352533499,0.168616459950547,FALSE,11
0.148150090263402,0.317228404541148,"Charles",FALSE,26,0.239878469495285,0.500885964529122,FALSE,11
0.148150090263402,0.317228404541148,"Charles",FALSE,26,0.57398419765976,0.328429864161634,FALSE,11
0.148150090263402,0.317228404541148,"Charles",FALSE,26,0.541432272116008,0.880125276051738,FALSE,11
0.148150090263402,0.317228404541148,"Charles",FALSE,26,0.376793620202008,0.976380619448781,FALSE,11
0.251049026978314,0.52325153283217,"Kelly",FALSE,13,0.349610298491766,0.601039240299794,FALSE,20
0.251049026978314,0.52325153283217,"Kelly",FALSE,13,0.680211903577463,0.73720042669321,FALSE,20
0.251049026978314,0.52325153283217,"Kelly",FALSE,13,0.391190208882954,0.442579010869506,FALSE,20
0.251049026978314,0.52325153283217,"Kelly",FALSE,13,0.503020419798279,0.275684667463222,FALSE,20
0.251049026978314,0.52325153283217,"Kelly",FALSE,13,0.685867586375343,0.555427125684485,FALSE,20
0.251049026978314,0.52325153283217,"Kelly",FALSE,13,0.467244673332085,0.4650799510516,FALSE,20
0.251049026978314,0.52325153283217,"Kelly",FALSE,13,0.423958565276722,0.737183788824873,FALSE,20
0.251049026978314,0.52325153283217,"Kelly",FALSE,13,0.792400775864649,0.560853328103893,FALSE,20
0.251049026978314,0.52325153283217,"Kelly",FALSE,13,0.33857285033627,0.326792324874775,FALSE,20
0.251049026978314,0.52325153283217,"Kelly",FALSE,13,0.319587104308542,0.765353233598716,FALSE,20
0.251049026978314,0.52325153283217,"Kelly",FALSE,13,0.681715680452706,0.203992046325261,FALSE,20
0.251049026978314,0.52325153283217,"Kelly",FALSE,13,0.577144882162326,0.341270104732034,FALSE,20
0.251049026978314,0.52325153283217,"Kelly",FALSE,13,0.540045144338392,0.881167894545517,FALSE,20
0.251049026978314,0.52325153283217,"Kelly",FALSE,13,0.947775201182724,0.344976793527638,FALSE,20
0.251049026978314,0.52325153283217,"Kelly",FALSE,13,0.918007835571036,0.619522259920452,FALSE,20
0.251049026978314,0.52325153283217,"Kelly",FALSE,13,0.808325377489627,0.373137425593949,FALSE,20
0.251049026978314,0.52325153283217,"Kelly",FALSE,13,0.71940652465435,0.108785920759669,FALSE,20
0.251049026978314,0.52325153283217,"Kelly",FALSE,13,0.378224878457609,0.975931780961921,FALSE,20
0.251049026978314,0.52325153283217,"Kelly",FALSE,13,0.159320647746431,0.339593972844197,FALSE,20
0.251049026978314,0.52325153283217,"Kelly",FALSE,13,0.0157587778820959,0.233479360553275,FALSE,20
0.251049026978314,0.52325153283217,"Kelly",FALSE,13,0.662681088527552,0.96501607673592,FALSE,20
0.251049026978314,0.52325153283217,"Kelly",FALSE,13,0.128199946934789,0.62624831027332,FALSE,20
0.326396888718058,0.789407897102825,"Ryan",FALSE,10,0.363221805602363,0.640793562383289,FALSE,20
0.326396888718058,0.789407897102825,"Ryan",FALSE,10,0.677733309088253,0.751066526975341,FALSE,20
0.326396888718058,0.789407897102825,"Ryan",FALSE,10,0.407007882494272,0.454412805926925,FALSE,20
0.326396888718058,0.789407897102825,"Ryan",FALSE,10,0.512259879207074,0.28164021030666,FALSE,20
0.326396888718058,0.789407897102825,"Ryan",FALSE,10,0.689398887690655,0.570195538686661,FALSE,20
0.326396888718058,0.789407897102825,"Ryan",FALSE,10,0.480228578684892,0.480956353232983,FALSE,20
0.326396888718058,0.789407897102825,"Ryan",FALSE,10,0.415658828347622,0.76357661174084,FALSE,20
0.326396888718058,0.789407897102825,"Ryan",FALSE,10,0.794645798324202,0.573070957601149,FALSE,20
0.326396888718058,0.789407897102825,"Ryan",FALSE,10,0.347596803210165,0.328929592357928,FALSE,20
0.326396888718058,0.789407897102825,"Ryan",FALSE,10,0.68854373468667,0.21030050563047,FALSE,20
0.326396888718058,0.789407897102825,"Ryan",FALSE,10,0.425216047463454,0.180864912043739,FALSE,20
0.326396888718058,0.789407897102825,"Ryan",FALSE,10,0.25785881138783,0.54730619633628,FALSE,20
0.326396888718058,0.789407897102825,"Ryan",FALSE,10,0.586237547242367,0.350598722493435,FALSE,20
0.326396888718058,0.789407897102825,"Ryan",FALSE,10,0.816204633105767,0.746264125799818,FALSE,20
0.326396888718058,0.789407897102825,"Ryan",FALSE,10,0.53325560453285,0.889711257375086,FALSE,20
0.326396888718058,0.789407897102825,"Ryan",FALSE,10,0.852107252972751,0.926349638974884,FALSE,20
0.326396888718058,0.789407897102825,"Ryan",FALSE,10,0.947513410715989,0.535808837755214,FALSE,20
0.326396888718058,0.789407897102825,"Ryan",FALSE,10,0.918614671693442,0.629606752748714,FALSE,20
0.326396888718058,0.789407897102825,"Ryan",FALSE,10,0.813278973660945,0.382663013779152,FALSE,20
0.326396888718058,0.789407897102825,"Ryan",FALSE,10,0.725415829955926,0.113744688320713,FALSE,20
0.326396888718058,0.789407897102825,"Ryan",FALSE,10,0.378285742779136,0.975914764730765,FALSE,20
0.326396888718058,0.789407897102825,"Ryan",FALSE,10,0.15160360665495,0.835691641176595,FALSE,20
0.326396888718058,0.789407897102825,"Ryan",FALSE,10,0.0123359833562549,0.235816111831013,FALSE,20
0.326396888718058,0.789407897102825,"Ryan",FALSE,10,0.657807274767931,0.971279101640294,FALSE,20
0.326396888718058,0.789407897102825,"Ryan",FALSE,10,0.129746513506267,0.656322042438996,FALSE,20
0.348746557849346,0.303956045067451,"Oscar",FALSE,9,0.367599508195626,0.591580957957987,FALSE,21
0.348746557849346,0.303956045067451,"Oscar",FALSE,9,0.687013492465382,0.728796654282224,FALSE,21
0.348746557849346,0.303956045067451,"Oscar",FALSE,9,0.401530389578419,0.407819555386193,FALSE,21
0.348746557849346,0.303956045067451,"Oscar",FALSE,9,0.496693807430839,0.264591662467846,FALSE,21
0.348746557849346,0.303956045067451,"Oscar",FALSE,9,0.690315406055403,0.542940062367912,FALSE,21
0.348746557849346,0.303956045067451,"Oscar",FALSE,9,0.474435091699645,0.440208585068362,FALSE,21
0.348746557849346,0.303956045067451,"Oscar",FALSE,9,0.434750139604837,0.732116651529446,FALSE,21
0.348746557849346,0.303956045067451,"Oscar",FALSE,9,0.795453119118476,0.5505052998679,FALSE,21
0.348746557849346,0.303956045067451,"Oscar",FALSE,9,0.327546643357239,0.764434349812348,FALSE,21
0.348746557849346,0.303956045067451,"Oscar",FALSE,9,0.67802542391124,0.196837770799501,FALSE,21
0.348746557849346,0.303956045067451,"Oscar",FALSE,9,0.417266119436328,0.178143280571459,FALSE,21
0.348746557849346,0.303956045067451,"Oscar",FALSE,9,0.26122273449139,0.500415253024847,FALSE,21
0.348746557849346,0.303956045067451,"Oscar",FALSE,9,0.574100691467633,0.326589002347976,FALSE,21
0.348746557849346,0.303956045067451,"Oscar",FALSE,9,0.822469286621075,0.727409494778716,FALSE,21
0.348746557849346,0.303956045067451,"Oscar",FALSE,9,0.547556338119619,0.876999886744634,FALSE,21
0.348746557849346,0.303956045067451,"Oscar",FALSE,9,0.947033847352281,0.337384896082985,FALSE,21
0.348746557849346,0.303956045067451,"Oscar",FALSE,9,0.860229970420216,0.913500681508697,FALSE,21
0.348746557849346,0.303956045067451,"Oscar",FALSE,9,0.947118478076387,0.517940601242911,FALSE,21
0.348746557849346,0.303956045067451,"Oscar",FALSE,9,0.920728628596003,0.611261760822177,FALSE,21
0.348746557849346,0.303956045067451,"Oscar",FALSE,9,0.807672193006794,0.363422358605989,FALSE,21
0.348746557849346,0.303956045067451,"Oscar",FALSE,9,0.71616563707322,0.104161160987971,FALSE,21
0.348746557849346,0.303956045067451,"Oscar",FALSE,9,0.383686713975502,0.975033816768603,FALSE,21
0.348746557849346,0.303956045067451,"Oscar",FALSE,9,0.0242088579305902,0.220311093415331,FALSE,21
0.348746557849346,0.303956045067451,"Oscar",FALSE,9,0.900194682831598,0.176051382735939,FALSE,21
0.348746557849346,0.303956045067451,"Oscar",FALSE,9,0.123494157885752,0.621910578971667,FALSE,21
0.369234674304815,0.61652742527894,"Michael",FALSE,1,0.679337622636232,0.739160674185438,FALSE,24
0.369234674304815,0.61652742527894,"Michael",FALSE,1,0.407160678907695,0.454449066530308,FALSE,24
0.369234674304815,0.61652742527894,"Michael",FALSE,1,0.511112094835038,0.281187656250149,FALSE,24
0.369234674304815,0.61652742527894,"Michael",FALSE,1,0.686167337121648,0.561545252916025,FALSE,24
0.369234674304815,0.61652742527894,"Michael",FALSE,1,0.476091677537108,0.478360052376614,FALSE,24
0.369234674304815,0.61652742527894,"Michael",FALSE,1,0.42844356273563,0.734291252257379,FALSE,24
0.369234674304815,0.61652742527894,"Michael",FALSE,1,0.792519874759931,0.56557349374238,FALSE,24
0.369234674304815,0.61652742527894,"Michael",FALSE,1,0.350381723958535,0.328902512388404,FALSE,24
0.369234674304815,0.61652742527894,"Michael",FALSE,1,0.332409757420509,0.765141759998476,FALSE,24
0.369234674304815,0.61652742527894,"Michael",FALSE,1,0.686447017039549,0.208834949532902,FALSE,24
0.369234674304815,0.61652742527894,"Michael",FALSE,1,0.425992690367894,0.180978545223079,FALSE,24
0.369234674304815,0.61652742527894,"Michael",FALSE,1,0.270673402791363,0.538739717811316,FALSE,24
0.369234674304815,0.61652742527894,"Michael",FALSE,1,0.583366930010516,0.348615975166836,FALSE,24
0.369234674304815,0.61652742527894,"Michael",FALSE,1,0.816974251477104,0.737547352809107,FALSE,24
0.369234674304815,0.61652742527894,"Michael",FALSE,1,0.542030032748502,0.879720353570533,FALSE,24
0.369234674304815,0.61652742527894,"Michael",FALSE,1,0.949289496014559,0.349242080319795,FALSE,24
0.369234674304815,0.61652742527894,"Michael",FALSE,1,0.855085102100229,0.919425417074842,FALSE,24
0.369234674304815,0.61652742527894,"Michael",FALSE,1,0.945934851326886,0.53006549446535,FALSE,24
0.369234674304815,0.61652742527894,"Michael",FALSE,1,0.917753038529853,0.622807601369404,FALSE,24
0.369234674304815,0.61652742527894,"Michael",FALSE,1,0.810462287138228,0.37850439217899,FALSE,24
0.369234674304815,0.61652742527894,"Michael",FALSE,1,0.723742823201156,0.112664569153316,FALSE,24
0.369234674304815,0.61652742527894,"Michael",FALSE,1,0.383960535629546,0.975021064897197,FALSE,24
0.369234674304815,0.61652742527894,"Michael",FALSE,1,0.145717199085988,0.825037569582126,FALSE,24
0.369234674304815,0.61652742527894,"Michael",FALSE,1,0.163003938299292,0.337337188654731,FALSE,24
0.369234674304815,0.61652742527894,"Michael",FALSE,1,0.0169009949069454,0.232493234251108,FALSE,24
0.369234674304815,0.61652742527894,"Michael",FALSE,1,0.905058585291881,0.186060197651454,FALSE,24
0.369234674304815,0.61652742527894,"Michael",FALSE,1,0.663571227317284,0.964225403778761,FALSE,24
0.369234674304815,0.61652742527894,"Michael",FALSE,1,0.133920404769996,0.639844942992215,FALSE,24
0.384986596607239,1,"David",FALSE,23,0.370260735282508,0.641506360381743,FALSE,18
0.384986596607239,1,"David",FALSE,23,0.682991008546381,0.763880026143655,FALSE,18
0.384986596607239,1,"David",FALSE,23,0.411635616394861,0.455076779486539,FALSE,18
0.384986596607239,1,"David",FALSE,23,0.516349450535449,0.282754513685773,FALSE,18
0.384986596607239,1,"David",FALSE,23,0.695981467147721,0.5774072744321,FALSE,18
0.384986596607239,1,"David",FALSE,23,0.799766162056494,0.58036584797477,FALSE,18
0.384986596607239,1,"David",FALSE,23,0.350046440481083,0.328922228298849,FALSE,18
0.384986596607239,1,"David",FALSE,23,0.33309774254616,0.81349313237206,FALSE,18
0.384986596607239,1,"David",FALSE,23,0.591378805841227,0.352905094076854,FALSE,18
0.384986596607239,1,"David",FALSE,23,0.81930578449974,0.756303865466156,FALSE,18
0.384986596607239,1,"David",FALSE,23,0.534143414431107,0.913193765367146,FALSE,18
0.384986596607239,1,"David",FALSE,23,0.851531554164472,0.936046773767867,FALSE,18
0.384986596607239,1,"David",FALSE,23,0.156343066668633,0.340847785092368,FALSE,18
0.384986596607239,1,"David",FALSE,23,0.654763961483607,0.984720223128702,FALSE,18
0.412856761351257,0.430106621197184,"Jim",FALSE,3,0.374930756748377,0.592184979945816,FALSE,28
0.412856761351257,0.430106621197184,"Jim",FALSE,3,0.685755812419101,0.729867816942236,FALSE,28
0.412856761351257,0.430106621197184,"Jim",FALSE,3,0.507556212876197,0.279334008005891,FALSE,28
0.412856761351257,0.430106621197184,"Jim",FALSE,3,0.687806169799383,0.547458237496295,FALSE,28
0.412856761351257,0.430106621197184,"Jim",FALSE,3,0.467883677187361,0.4500614213929,FALSE,28
0.412856761351257,0.430106621197184,"Jim",FALSE,3,0.437627158232474,0.731710960613823,FALSE,28
0.412856761351257,0.430106621197184,"Jim",FALSE,3,0.793582537470769,0.554804219477555,FALSE,28
0.412856761351257,0.430106621197184,"Jim",FALSE,3,0.360072929622184,0.326243110878442,FALSE,28
0.412856761351257,0.430106621197184,"Jim",FALSE,3,0.332245767575043,0.765101712373084,FALSE,28
0.412856761351257,0.430106621197184,"Jim",FALSE,3,0.682600671067514,0.205117050811339,FALSE,28
0.412856761351257,0.430106621197184,"Jim",FALSE,3,0.427732144842227,0.181143644636346,FALSE,28
0.412856761351257,0.430106621197184,"Jim",FALSE,3,0.272715579446618,0.510779143159848,FALSE,28
0.412856761351257,0.430106621197184,"Jim",FALSE,3,0.577003397954675,0.341013042992789,FALSE,28
0.412856761351257,0.430106621197184,"Jim",FALSE,3,0.820946129788391,0.729289118580603,FALSE,28
0.412856761351257,0.430106621197184,"Jim",FALSE,3,0.548485783002674,0.876697649844598,FALSE,28
0.412856761351257,0.430106621197184,"Jim",FALSE,3,0.947321867342529,0.342809558453443,FALSE,28
0.412856761351257,0.430106621197184,"Jim",FALSE,3,0.859351707965059,0.914273379434154,FALSE,28
0.412856761351257,0.430106621197184,"Jim",FALSE,3,0.94602261599282,0.522107709486901,FALSE,28
0.412856761351257,0.430106621197184,"Jim",FALSE,3,0.91926081356601,0.614538563793403,FALSE,28
0.412856761351257,0.430106621197184,"Jim",FALSE,3,0.807746115577795,0.370374001889902,FALSE,28
0.412856761351257,0.430106621197184,"Jim",FALSE,3,0.720790262710081,0.110228954072038,FALSE,28
0.412856761351257,0.430106621197184,"Jim",FALSE,3,0.386207741563635,0.975029841710645,FALSE,28
0.412856761351257,0.430106621197184,"Jim",FALSE,3,0.141673492885002,0.821540759265775,FALSE,28
0.412856761351257,0.430106621197184,"Jim",FALSE,3,0.979832259527741,0.0147737011017416,FALSE,28
0.412856761351257,0.430106621197184,"Jim",FALSE,3,0.171146528851802,0.327034719458074,FALSE,28
0.412856761351257,0.430106621197184,"Jim",FALSE,3,0.0221507105323296,0.225662379621627,FALSE,28
0.412856761351257,0.430106621197184,"Jim",FALSE,3,0.902255143695232,0.18171736251736,FALSE,28
0.412856761351257,0.430106621197184,"Jim",FALSE,3,0.668861663730747,0.960789632401957,FALSE,28
0.412856761351257,0.430106621197184,"Jim",FALSE,3,0.129537822251028,0.627994720120644,FALSE,28
0.429223220152494,0.156188150363158,"Phyllis",FALSE,12,0.372465204089415,0.591737030419019,FALSE,20
0.429223220152494,0.156188150363158,"Phyllis",FALSE,12,0.692107564617961,0.725656195597035,FALSE,20
0.429223220152494,0.156188150363158,"Phyllis",FALSE,12,0.414347836661524,0.405151126923996,FALSE,20
0.429223220152494,0.156188150363158,"Phyllis",FALSE,12,0.504144042713692,0.239567796024865,FALSE,20
0.429223220152494,0.156188150363158,"Phyllis",FALSE,12,0.696434885928883,0.536810838735809,FALSE,20
0.429223220152494,0.156188150363158,"Phyllis",FALSE,12,0.486352118979741,0.434096304447154,FALSE,20
0.429223220152494,0.156188150363158,"Phyllis",FALSE,12,0.439238444336927,0.731630856100254,FALSE,20
0.429223220152494,0.156188150363158,"Phyllis",FALSE,12,0.800074309771207,0.544506022784273,FALSE,20
0.429223220152494,0.156188150363158,"Phyllis",FALSE,12,0.360703658565512,0.28200091485915,FALSE,20
0.429223220152494,0.156188150363158,"Phyllis",FALSE,12,0.330404061407098,0.764731135422244,FALSE,20
0.429223220152494,0.156188150363158,"Phyllis",FALSE,12,0.676979408334215,0.186106736250155,FALSE,20
0.429223220152494,0.156188150363158,"Phyllis",FALSE,12,0.261965987210917,0.500761090878314,FALSE,20
0.429223220152494,0.156188150363158,"Phyllis",FALSE,12,0.581460966505116,0.311247993652301,FALSE,20
0.429223220152494,0.156188150363158,"Phyllis",FALSE,12,0.8267630677779,0.723595756012686,FALSE,20
0.429223220152494,0.156188150363158,"Phyllis",FALSE,12,0.551561549803483,0.875972281816263,FALSE,20
0.429223220152494,0.156188150363158,"Phyllis",FALSE,12,0.948299761595675,0.330808395272533,FALSE,20
0.429223220152494,0.156188150363158,"Phyllis",FALSE,12,0.950020786455266,0.512249094971533,FALSE,20
0.429223220152494,0.156188150363158,"Phyllis",FALSE,12,0.924254007472605,0.606275776339472,FALSE,20
0.429223220152494,0.156188150363158,"Phyllis",FALSE,12,0.810301648326027,0.355068197812906,FALSE,20
0.429223220152494,0.156188150363158,"Phyllis",FALSE,12,0.38629541798801,0.975034283775681,FALSE,20
0.429223220152494,0.156188150363158,"Phyllis",FALSE,12,0.13750465953085,0.819207880197221,FALSE,20
0.429223220152494,0.156188150363158,"Phyllis",FALSE,12,0.975886508602577,0.00659844925921407,FALSE,20
0.429223220152494,0.156188150363158,"Phyllis",FALSE,12,0.899558471249744,0.169685610057496,FALSE,20
0.439673487980756,0.756627070554207,"Kevin",FALSE,7,0.380464599549941,0.638863243575767,FALSE,22
0.439673487980756,0.756627070554207,"Kevin",FALSE,7,0.677598125416434,0.749140628243461,FALSE,22
0.439673487980756,0.756627070554207,"Kevin",FALSE,7,0.41490309109954,0.455022731137568,FALSE,22
0.439673487980756,0.756627070554207,"Kevin",FALSE,7,0.516834707434075,0.282838456948588,FALSE,22
0.439673487980756,0.756627070554207,"Kevin",FALSE,7,0.690658064993654,0.572081677569012,FALSE,22
0.439673487980756,0.756627070554207,"Kevin",FALSE,7,0.487112221935673,0.483216231697105,FALSE,22
0.439673487980756,0.756627070554207,"Kevin",FALSE,7,0.795104005023492,0.574010604546235,FALSE,22
0.439673487980756,0.756627070554207,"Kevin",FALSE,7,0.353669906225265,0.328466464092212,FALSE,22
0.439673487980756,0.756627070554207,"Kevin",FALSE,7,0.350411548351192,0.782458355916192,FALSE,22
0.439673487980756,0.756627070554207,"Kevin",FALSE,7,0.691316317412498,0.211799981118214,FALSE,22
0.439673487980756,0.756627070554207,"Kevin",FALSE,7,0.429658263796323,0.18118436481711,FALSE,22
0.439673487980756,0.756627070554207,"Kevin",FALSE,7,0.266763949682348,0.542694814561504,FALSE,22
0.439673487980756,0.756627070554207,"Kevin",FALSE,7,0.590246743469129,0.352513904561872,FALSE,22
0.439673487980756,0.756627070554207,"Kevin",FALSE,7,0.816120431807104,0.744852138096528,FALSE,22
0.439673487980756,0.756627070554207,"Kevin",FALSE,7,0.540060501986778,0.881155504169577,FALSE,22
0.439673487980756,0.756627070554207,"Kevin",FALSE,7,0.952329688610914,0.354215861943383,FALSE,22
0.439673487980756,0.756627070554207,"Kevin",FALSE,7,0.853113259082155,0.923303934722134,FALSE,22
0.439673487980756,0.756627070554207,"Kevin",FALSE,7,0.947722395412521,0.536305331104847,FALSE,22
0.439673487980756,0.756627070554207,"Kevin",FALSE,7,0.918588118522434,0.629507537744859,FALSE,22
0.439673487980756,0.756627070554207,"Kevin",FALSE,7,0.814724148454106,0.384249271899851,FALSE,22
0.439673487980756,0.756627070554207,"Kevin",FALSE,7,0.727884460005872,0.115023051781718,FALSE,22
0.439673487980756,0.756627070554207,"Kevin",FALSE,7,0.151549528960431,0.835490793981186,FALSE,22
0.439673487980756,0.756627070554207,"Kevin",FALSE,7,0.0157399434442809,0.233494638655116,FALSE,22
0.439673487980756,0.756627070554207,"Kevin",FALSE,7,0.908614383084293,0.189667072719332,FALSE,22
0.439673487980756,0.756627070554207,"Kevin",FALSE,7,0.661547311700573,0.966142334663887,FALSE,22
0.439673487980756,0.756627070554207,"Kevin",FALSE,7,0.132669819885928,0.650479461363478,FALSE,22
0.491386046401206,0.458584251987024,"Angela",FALSE,6,0.384529043168913,0.59675162488935,FALSE,25
0.491386046401206,0.458584251987024,"Angela",FALSE,6,0.687860597386965,0.728151168906673,FALSE,25
0.491386046401206,0.458584251987024,"Angela",FALSE,6,0.436359130565102,0.438629451791308,FALSE,25
0.491386046401206,0.458584251987024,"Angela",FALSE,6,0.517216688925778,0.28289763884204,FALSE,25
0.491386046401206,0.458584251987024,"Angela",FALSE,6,0.68799950703529,0.54701707747496,FALSE,25
0.491386046401206,0.458584251987024,"Angela",FALSE,6,0.443947312446289,0.731995090844126,FALSE,25
0.491386046401206,0.458584251987024,"Angela",FALSE,6,0.793523640922447,0.554986397439464,FALSE,25
0.491386046401206,0.458584251987024,"Angela",FALSE,6,0.365697512550907,0.322331711986114,FALSE,25
0.491386046401206,0.458584251987024,"Angela",FALSE,6,0.337554356434371,0.767035795856867,FALSE,25
0.491386046401206,0.458584251987024,"Angela",FALSE,6,0.434257147573959,0.180676097903028,FALSE,25
0.491386046401206,0.458584251987024,"Angela",FALSE,6,0.275190400047435,0.516755833767594,FALSE,25
0.491386046401206,0.458584251987024,"Angela",FALSE,6,0.582999411611294,0.348316475709182,FALSE,25
0.491386046401206,0.458584251987024,"Angela",FALSE,6,0.821741648658424,0.728261169468338,FALSE,25
0.491386046401206,0.458584251987024,"Angela",FALSE,6,0.55214834896884,0.875879705610955,FALSE,25
0.491386046401206,0.458584251987024,"Angela",FALSE,6,0.947737230069567,0.344826456524579,FALSE,25
0.491386046401206,0.458584251987024,"Angela",FALSE,6,0.86054167237228,0.913243389981808,FALSE,25
0.491386046401206,0.458584251987024,"Angela",FALSE,6,0.945904807980155,0.522858334247305,FALSE,25
0.491386046401206,0.458584251987024,"Angela",FALSE,6,0.91926286689428,0.614532927969518,FALSE,25
0.491386046401206,0.458584251987024,"Angela",FALSE,6,0.808326667466741,0.373142212552622,FALSE,25
0.491386046401206,0.458584251987024,"Angela",FALSE,6,0.724163227429936,0.112953987036921,FALSE,25
0.491386046401206,0.458584251987024,"Angela",FALSE,6,0.389807407309848,0.975469207428833,FALSE,25
0.491386046401206,0.458584251987024,"Angela",FALSE,6,0.981432750776288,0.0167408857670251,FALSE,25
0.491386046401206,0.458584251987024,"Angela",FALSE,6,0.171266487959174,0.326748496850096,FALSE,25
0.491386046401206,0.458584251987024,"Angela",FALSE,6,0.0223821444170043,0.225208913624862,FALSE,25
0.491386046401206,0.458584251987024,"Angela",FALSE,6,0.67127829051697,0.959776319110632,FALSE,25
0.491386046401206,0.458584251987024,"Angela",FALSE,6,0.131575702090965,0.63148224664079,FALSE,25
0.520853263654799,0.258163546494831,"Pam",FALSE,4,0.378975843124576,0.593503315523622,FALSE,27
0.520853263654799,0.258163546494831,"Pam",FALSE,4,0.693895316719941,0.724913468155864,FALSE,27
0.520853263654799,0.258163546494831,"Pam",FALSE,4,0.42615381212986,0.408936159686124,FALSE,27
0.520853263654799,0.258163546494831,"Pam",FALSE,4,0.697397406133571,0.536167854625185,FALSE,27
0.520853263654799,0.258163546494831,"Pam",FALSE,4,0.495022621130228,0.433850159639816,FALSE,27
0.520853263654799,0.258163546494831,"Pam",FALSE,4,0.44369204420148,0.73195216010045,FALSE,27
0.520853263654799,0.258163546494831,"Pam",FALSE,4,0.799897960587945,0.544676099694649,FALSE,27
0.520853263654799,0.258163546494831,"Pam",FALSE,4,0.372906014073306,0.297527929094437,FALSE,27
0.520853263654799,0.258163546494831,"Pam",FALSE,4,0.334990273165783,0.765931233290997,FALSE,27
0.520853263654799,0.258163546494831,"Pam",FALSE,4,0.678442398948379,0.198018213449497,FALSE,27
0.520853263654799,0.258163546494831,"Pam",FALSE,4,0.445932441093601,0.174783900833124,FALSE,27
0.520853263654799,0.258163546494831,"Pam",FALSE,4,0.268881870834834,0.50573041186378,FALSE,27
0.520853263654799,0.258163546494831,"Pam",FALSE,4,0.580465668570082,0.312282964917946,FALSE,27
0.520853263654799,0.258163546494831,"Pam",FALSE,4,0.827350434908055,0.723196548798944,FALSE,27
0.520853263654799,0.258163546494831,"Pam",FALSE,4,0.554394637218814,0.875655619368725,FALSE,27
0.520853263654799,0.258163546494831,"Pam",FALSE,4,0.947384744543073,0.334381902232821,FALSE,27
0.520853263654799,0.258163546494831,"Pam",FALSE,4,0.864644641760252,0.910534733904412,FALSE,27
0.520853263654799,0.258163546494831,"Pam",FALSE,4,0.949185740852744,0.513555693619795,FALSE,27
0.520853263654799,0.258163546494831,"Pam",FALSE,4,0.923843327420717,0.606738854067465,FALSE,27
0.520853263654799,0.258163546494831,"Pam",FALSE,4,0.808854493843338,0.358416189872294,FALSE,27
0.520853263654799,0.258163546494831,"Pam",FALSE,4,0.718260429965324,0.107392570276857,FALSE,27
0.520853263654799,0.258163546494831,"Pam",FALSE,4,0.389490409726589,0.975409032809058,FALSE,27
0.520853263654799,0.258163546494831,"Pam",FALSE,4,0.141405394409185,0.821357587378981,FALSE,27
0.520853263654799,0.258163546494831,"Pam",FALSE,4,0.977991319025891,0.0118582444645014,FALSE,27
0.520853263654799,0.258163546494831,"Pam",FALSE,4,0.172841945786212,0.31331531486154,FALSE,27
0.520853263654799,0.258163546494831,"Pam",FALSE,4,0.0249109013532562,0.216180396086859,FALSE,27
0.520853263654799,0.258163546494831,"Pam",FALSE,4,0.900118787070721,0.175713553580245,FALSE,27
0.520853263654799,0.258163546494831,"Pam",FALSE,4,0.674373641466726,0.958885755103779,FALSE,27
0.520853263654799,0.258163546494831,"Pam",FALSE,4,0.127323284869939,0.625257178679656,FALSE,27
0.555750606063556,0.900618819253598,"Stanley",FALSE,16,0.382955247619868,0.637425890962005,FALSE,22
0.555750606063556,0.900618819253598,"Stanley",FALSE,16,0.685231834878916,0.766349969339577,FALSE,22
0.555750606063556,0.900618819253598,"Stanley",FALSE,16,0.420121584412139,0.454027790606184,FALSE,22
0.555750606063556,0.900618819253598,"Stanley",FALSE,16,0.522209232499541,0.283126746379704,FALSE,22
0.555750606063556,0.900618819253598,"Stanley",FALSE,16,0.700510360160632,0.580056564676018,FALSE,22
0.555750606063556,0.900618819253598,"Stanley",FALSE,16,0.455363592057534,0.776090385638228,FALSE,22
0.555750606063556,0.900618819253598,"Stanley",FALSE,16,0.356940825793282,0.327574977576415,FALSE,22
0.555750606063556,0.900618819253598,"Stanley",FALSE,16,0.348891890248763,0.800315458981337,FALSE,22
0.555750606063556,0.900618819253598,"Stanley",FALSE,16,0.433412276412566,0.180834687800493,FALSE,22
0.555750606063556,0.900618819253598,"Stanley",FALSE,16,0.266754488703478,0.542702457540251,FALSE,22
0.555750606063556,0.900618819253598,"Stanley",FALSE,16,0.81918990391146,0.756095009499632,FALSE,22
0.555750606063556,0.900618819253598,"Stanley",FALSE,16,0.957112676728857,0.358867359316586,FALSE,22
0.555750606063556,0.900618819253598,"Stanley",FALSE,16,0.851423832117657,0.930165676471009,FALSE,22
0.555750606063556,0.900618819253598,"Stanley",FALSE,16,0.732626666850571,0.116605313324795,FALSE,22
0.555750606063556,0.900618819253598,"Stanley",FALSE,16,0.162468424210949,0.337721947743009,FALSE,22
0.555750606063556,0.900618819253598,"Stanley",FALSE,16,0.913277732382772,0.192718149916716,FALSE,22
0.555750606063556,0.900618819253598,"Stanley",FALSE,16,0.658925706613072,0.969434515421736,FALSE,22
0.555750606063556,0.900618819253598,"Stanley",FALSE,16,0.130684453553103,0.654824729244531,FALSE,22
0.598975552897516,0.329087255506514,"Toby",FALSE,14,0.384843297191814,0.596998705618618,FALSE,24
0.598975552897516,0.329087255506514,"Toby",FALSE,14,0.696588126092835,0.724084469891508,FALSE,24
0.598975552897516,0.329087255506514,"Toby",FALSE,14,0.434828916294098,0.418180833710909,FALSE,24
0.598975552897516,0.329087255506514,"Toby",FALSE,14,0.539363147982233,0.2749678370834,FALSE,24
0.598975552897516,0.329087255506514,"Toby",FALSE,14,0.699797981633056,0.53482278585923,FALSE,24
0.598975552897516,0.329087255506514,"Toby",FALSE,14,0.507362187687427,0.439355031784356,FALSE,24
0.598975552897516,0.329087255506514,"Toby",FALSE,14,0.448402297409142,0.733200421498848,FALSE,24
0.598975552897516,0.329087255506514,"Toby",FALSE,14,0.800264628655948,0.544326160941451,FALSE,24
0.598975552897516,0.329087255506514,"Toby",FALSE,14,0.373621419279228,0.30645429822599,FALSE,24
0.598975552897516,0.329087255506514,"Toby",FALSE,14,0.339134894373206,0.767896430115904,FALSE,24
0.598975552897516,0.329087255506514,"Toby",FALSE,14,0.686999182082626,0.209252428637445,FALSE,24
0.598975552897516,0.329087255506514,"Toby",FALSE,14,0.272879697713504,0.511068683606651,FALSE,24
0.598975552897516,0.329087255506514,"Toby",FALSE,14,0.828509141963689,0.722477407574358,FALSE,24
0.598975552897516,0.329087255506514,"Toby",FALSE,14,0.557635972339667,0.875690012743761,FALSE,24
0.598975552897516,0.329087255506514,"Toby",FALSE,14,0.947003349306748,0.338130210366171,FALSE,24
0.598975552897516,0.329087255506514,"Toby",FALSE,14,0.865862084659204,0.909934801315525,FALSE,24
0.598975552897516,0.329087255506514,"Toby",FALSE,14,0.948576084755741,0.514638484480647,FALSE,24
0.598975552897516,0.329087255506514,"Toby",FALSE,14,0.923752015453977,0.606845019878944,FALSE,24
0.598975552897516,0.329087255506514,"Toby",FALSE,14,0.807782036367541,0.362665650468635,FALSE,24
0.598975552897516,0.329087255506514,"Toby",FALSE,14,0.725465265589381,0.113773806517238,FALSE,24
0.598975552897516,0.329087255506514,"Toby",FALSE,14,0.392583343663527,0.97618216142966,FALSE,24
0.598975552897516,0.329087255506514,"Toby",FALSE,14,0.144354654059336,0.823685026541144,FALSE,24
0.598975552897516,0.329087255506514,"Toby",FALSE,14,0.98067414779703,0.0158591121009009,FALSE,24
0.598975552897516,0.329087255506514,"Toby",FALSE,14,0.0245514673498408,0.218785994097366,FALSE,24
0.598975552897516,0.329087255506514,"Toby",FALSE,14,0.902075398971994,0.181356015887227,FALSE,24
0.598975552897516,0.329087255506514,"Toby",FALSE,14,0.676661519367837,0.958494806785744,FALSE,24
0.67972395875009,0.983306527101554,"Jo",FALSE,29,0.38538740573762,0.635608548601734,FALSE,22
0.67972395875009,0.983306527101554,"Jo",FALSE,29,0.700164591763326,0.773236860108771,FALSE,22
0.67972395875009,0.983306527101554,"Jo",FALSE,29,0.423719056370601,0.452623515896781,FALSE,22
0.67972395875009,0.983306527101554,"Jo",FALSE,29,0.70110448087514,0.214094264873111,FALSE,22
0.67972395875009,0.983306527101554,"Jo",FALSE,29,0.268091897200852,0.541541983197805,FALSE,22
0.67972395875009,0.983306527101554,"Jo",FALSE,29,0.85209078615469,0.938889933296822,FALSE,22
0.67972395875009,0.983306527101554,"Jo",FALSE,29,0.957231728459546,0.547447198488188,FALSE,22
0.67972395875009,0.983306527101554,"Jo",FALSE,29,0.928008474001812,0.643284064632398,FALSE,22
0.67972395875009,0.983306527101554,"Jo",FALSE,29,0.409946593873722,0.998586303972852,FALSE,22
0.67972395875009,0.983306527101554,"Jo",FALSE,29,0.130502970176482,0.655133455166541,FALSE,22
0.701799096290833,0.189103916547722,"Darryl",FALSE,11,0.384586753556099,0.596796392293759,FALSE,23
0.701799096290833,0.189103916547722,"Darryl",FALSE,11,0.702550592662112,0.723354402019131,FALSE,23
0.701799096290833,0.189103916547722,"Darryl",FALSE,11,0.432055186574577,0.414093486933567,FALSE,23
0.701799096290833,0.189103916547722,"Darryl",FALSE,11,0.544209960997253,0.249249249593056,FALSE,23
0.701799096290833,0.189103916547722,"Darryl",FALSE,11,0.710188447024967,0.532279492059964,FALSE,23
0.701799096290833,0.189103916547722,"Darryl",FALSE,11,0.506771767844074,0.438879441008929,FALSE,23
0.701799096290833,0.189103916547722,"Darryl",FALSE,11,0.45015626685909,0.733931005983715,FALSE,23
0.701799096290833,0.189103916547722,"Darryl",FALSE,11,0.809952088207117,0.538702402516088,FALSE,23
0.701799096290833,0.189103916547722,"Darryl",FALSE,11,0.372520230228939,0.296222190815673,FALSE,23
0.701799096290833,0.189103916547722,"Darryl",FALSE,11,0.339652250322221,0.768211308020077,FALSE,23
0.701799096290833,0.189103916547722,"Darryl",FALSE,11,0.454042908109112,0.159185330660725,FALSE,23
0.701799096290833,0.189103916547722,"Darryl",FALSE,11,0.271132442816442,0.508363403054631,FALSE,23
0.701799096290833,0.189103916547722,"Darryl",FALSE,11,0.613775467105722,0.308938743416791,FALSE,23
0.701799096290833,0.189103916547722,"Darryl",FALSE,11,0.835021488091306,0.719822824620609,FALSE,23
0.701799096290833,0.189103916547722,"Darryl",FALSE,11,0.560777404015698,0.876129407207811,FALSE,23
0.701799096290833,0.189103916547722,"Darryl",FALSE,11,0.950126116608906,0.326665300769873,FALSE,23
0.701799096290833,0.189103916547722,"Darryl",FALSE,11,0.930616223045026,0.601236609695797,FALSE,23
0.701799096290833,0.189103916547722,"Darryl",FALSE,11,0.817645716008053,0.346500603912289,FALSE,23
0.701799096290833,0.189103916547722,"Darryl",FALSE,11,0.729350973020505,0.115626672776013,FALSE,23
0.701799096290833,0.189103916547722,"Darryl",FALSE,11,0.0249841937407539,0.213182751490195,FALSE,23
0.701799096290833,0.189103916547722,"Darryl",FALSE,11,0.680418574165783,0.958316178776165,FALSE,23
0.702585758546292,0.74835437728633,"Dwight",FALSE,2,0.392482810214875,0.625721128379833,FALSE,27
0.702585758546292,0.74835437728633,"Dwight",FALSE,2,0.429686707478449,0.448593181541278,FALSE,27
0.702585758546292,0.74835437728633,"Dwight",FALSE,2,0.529543705481151,0.281604455625298,FALSE,27
0.702585758546292,0.74835437728633,"Dwight",FALSE,2,0.709725788492664,0.582248960829507,FALSE,27
0.702585758546292,0.74835437728633,"Dwight",FALSE,2,0.506111207560533,0.478787460366681,FALSE,27
0.702585758546292,0.74835437728633,"Dwight",FALSE,2,0.464661121110615,0.755840819597076,FALSE,27
0.702585758546292,0.74835437728633,"Dwight",FALSE,2,0.804202087198085,0.583854792548764,FALSE,27
0.702585758546292,0.74835437728633,"Dwight",FALSE,2,0.364318823930256,0.323513768071557,FALSE,27
0.702585758546292,0.74835437728633,"Dwight",FALSE,2,0.351249338176097,0.786695747413814,FALSE,27
0.702585758546292,0.74835437728633,"Dwight",FALSE,2,0.701834262175013,0.214103891814921,FALSE,27
0.702585758546292,0.74835437728633,"Dwight",FALSE,2,0.439701414080826,0.178886332052453,FALSE,27
0.702585758546292,0.74835437728633,"Dwight",FALSE,2,0.273422881947144,0.534405483425291,FALSE,27
0.702585758546292,0.74835437728633,"Dwight",FALSE,2,0.604973185350973,0.353357162901336,FALSE,27
0.702585758546292,0.74835437728633,"Dwight",FALSE,2,0.816120157010517,0.744843302808628,FALSE,27
0.702585758546292,0.74835437728633,"Dwight",FALSE,2,0.573104529730932,0.882623227200351,FALSE,27
0.702585758546292,0.74835437728633,"Dwight",FALSE,2,0.958256208434489,0.359666126608959,FALSE,27
0.702585758546292,0.74835437728633,"Dwight",FALSE,2,0.859152314824029,0.914459280163458,FALSE,27
0.702585758546292,0.74835437728633,"Dwight",FALSE,2,0.951403692890495,0.542304046551716,FALSE,27
0.702585758546292,0.74835437728633,"Dwight",FALSE,2,0.920585142042944,0.634654828474001,FALSE,27
0.702585758546292,0.74835437728633,"Dwight",FALSE,2,0.824412098189646,0.390302463068063,FALSE,27
0.702585758546292,0.74835437728633,"Dwight",FALSE,2,0.736776214759451,0.117181625506196,FALSE,27
0.702585758546292,0.74835437728633,"Dwight",FALSE,2,0.404581346607151,0.984474351142675,FALSE,27
0.702585758546292,0.74835437728633,"Dwight",FALSE,2,0.152110936384193,0.838069499639966,FALSE,27
0.702585758546292,0.74835437728633,"Dwight",FALSE,2,0.99076684145035,0.0232324941234691,FALSE,27
0.702585758546292,0.74835437728633,"Dwight",FALSE,2,0.167885651114239,0.332574662648677,FALSE,27
0.702585758546292,0.74835437728633,"Dwight",FALSE,2,0.915585198313512,0.193740809976594,FALSE,27
0.702585758546292,0.74835437728633,"Dwight",FALSE,2,0.682145125533056,0.958424044279114,FALSE,27
0.702585758546292,0.74835437728633,"Dwight",FALSE,2,0.133652545489,0.646707092377132,FALSE,27
0.710799420360516,0.557272025176542,"Andy",FALSE,5,0.393866757543683,0.612254197539457,FALSE,24
0.710799420360516,0.557272025176542,"Andy",FALSE,5,0.703659390414144,0.723377441633366,FALSE,24
0.710799420360516,0.557272025176542,"Andy",FALSE,5,0.43585001191239,0.439920408877431,FALSE,24
0.710799420360516,0.557272025176542,"Andy",FALSE,5,0.534255277881744,0.279267717046188,FALSE,24
0.710799420360516,0.557272025176542,"Andy",FALSE,5,0.514185959726432,0.468839199688607,FALSE,24
0.710799420360516,0.557272025176542,"Andy",FALSE,5,0.459814843347618,0.741817418161737,FALSE,24
0.710799420360516,0.557272025176542,"Andy",FALSE,5,0.792371720586779,0.561340336888307,FALSE,24
0.710799420360516,0.557272025176542,"Andy",FALSE,5,0.369230572154458,0.318288007876082,FALSE,24
0.710799420360516,0.557272025176542,"Andy",FALSE,5,0.347797421387918,0.776484383592707,FALSE,24
0.710799420360516,0.557272025176542,"Andy",FALSE,5,0.702410069626381,0.2140964496643,FALSE,24
0.710799420360516,0.557272025176542,"Andy",FALSE,5,0.443587754584127,0.176649336803891,FALSE,24
0.710799420360516,0.557272025176542,"Andy",FALSE,5,0.275980860963487,0.525096432324227,FALSE,24
0.710799420360516,0.557272025176542,"Andy",FALSE,5,0.609976991624975,0.351536494823826,FALSE,24
0.710799420360516,0.557272025176542,"Andy",FALSE,5,0.826804834354674,0.723566556733204,FALSE,24
0.710799420360516,0.557272025176542,"Andy",FALSE,5,0.566039666263439,0.877834279754122,FALSE,24
0.710799420360516,0.557272025176542,"Andy",FALSE,5,0.952819366832177,0.354820099854873,FALSE,24
0.710799420360516,0.557272025176542,"Andy",FALSE,5,0.866214442115037,0.909776187330966,FALSE,24
0.710799420360516,0.557272025176542,"Andy",FALSE,5,0.945833573458531,0.529312004779646,FALSE,24
0.710799420360516,0.557272025176542,"Andy",FALSE,5,0.918701009532419,0.616268956264457,FALSE,24
0.710799420360516,0.557272025176542,"Andy",FALSE,5,0.819015429140106,0.387708876802229,FALSE,24
0.710799420360516,0.557272025176542,"Andy",FALSE,5,0.736661871524364,0.117175168858401,FALSE,24
0.710799420360516,0.557272025176542,"Andy",FALSE,5,0.399804549820033,0.979864750744442,FALSE,24
0.710799420360516,0.557272025176542,"Andy",FALSE,5,0.149901879044456,0.831122468660821,FALSE,24
0.710799420360516,0.557272025176542,"Andy",FALSE,5,0.988484392065538,0.0221898799884034,FALSE,24
0.710799420360516,0.557272025176542,"Andy",FALSE,5,0.171144840871339,0.327038676936895,FALSE,24
0.710799420360516,0.557272025176542,"Andy",FALSE,5,0.912458084921443,0.192284926673094,FALSE,24
0.710799420360516,0.557272025176542,"Andy",FALSE,5,0.681542656689031,0.958372768102822,FALSE,24
0.710799420360516,0.557272025176542,"Andy",FALSE,5,0.133796294855097,0.63881199225092,FALSE,24
0.738128475400551,0.0922182244727127,"Creed",FALSE,22,0.38362032650421,0.596081080598337,FALSE,21
0.738128475400551,0.0922182244727127,"Creed",FALSE,22,0.703938019187392,0.723390976252847,FALSE,21
0.738128475400551,0.0922182244727127,"Creed",FALSE,22,0.430194974041728,0.412095891597859,FALSE,21
0.738128475400551,0.0922182244727127,"Creed",FALSE,22,0.540721309090026,0.242989200690687,FALSE,21
0.738128475400551,0.0922182244727127,"Creed",FALSE,22,0.712266024236702,0.532315080790854,FALSE,21
0.738128475400551,0.0922182244727127,"Creed",FALSE,22,0.505351294371821,0.437848489422816,FALSE,21
0.738128475400551,0.0922182244727127,"Creed",FALSE,22,0.449917503375435,0.733822243245201,FALSE,21
0.738128475400551,0.0922182244727127,"Creed",FALSE,22,0.813189021328202,0.537932767858641,FALSE,21
0.738128475400551,0.0922182244727127,"Creed",FALSE,22,0.339109534162682,0.767881433254825,FALSE,21
0.738128475400551,0.0922182244727127,"Creed",FALSE,22,0.4537038105161,0.151118565030086,FALSE,21
0.738128475400551,0.0922182244727127,"Creed",FALSE,22,0.837207088465084,0.719376793061886,FALSE,21
0.738128475400551,0.0922182244727127,"Creed",FALSE,22,0.561252414613536,0.876231730401515,FALSE,21
0.738128475400551,0.0922182244727127,"Creed",FALSE,22,0.954790368232181,0.320641120682127,FALSE,21
0.738128475400551,0.0922182244727127,"Creed",FALSE,22,0.958854780514586,0.504320834799379,FALSE,21
0.738128475400551,0.0922182244727127,"Creed",FALSE,22,0.933760082763999,0.599766660120643,FALSE,21
0.738128475400551,0.0922182244727127,"Creed",FALSE,22,0.171508903358527,0.308319653181559,FALSE,21
0.738128475400551,0.0922182244727127,"Creed",FALSE,22,0.681359023143929,0.958360053113674,FALSE,21
0.817340686157304,0.562585631366696,"Erin",FALSE,8,0.394055485702188,0.613539562903256,FALSE,22
0.817340686157304,0.562585631366696,"Erin",FALSE,8,0.715724357505512,0.727085216104262,FALSE,22
0.817340686157304,0.562585631366696,"Erin",FALSE,8,0.436614910037793,0.437888033086325,FALSE,22
0.817340686157304,0.562585631366696,"Erin",FALSE,8,0.538295989224158,0.276073078166878,FALSE,22
0.817340686157304,0.562585631366696,"Erin",FALSE,8,0.735768385931041,0.558517319654931,FALSE,22
0.817340686157304,0.562585631366696,"Erin",FALSE,8,0.515203091636063,0.466183485914256,FALSE,22
0.817340686157304,0.562585631366696,"Erin",FALSE,8,0.461910169114568,0.745202097374668,FALSE,22
0.817340686157304,0.562585631366696,"Erin",FALSE,8,0.370634124888174,0.316036376566247,FALSE,22
0.817340686157304,0.562585631366696,"Erin",FALSE,8,0.34909177655116,0.778922570868373,FALSE,22
0.817340686157304,0.562585631366696,"Erin",FALSE,8,0.70918769424102,0.212987145398329,FALSE,22
0.817340686157304,0.562585631366696,"Erin",FALSE,8,0.446489596538591,0.174267758945581,FALSE,22
0.817340686157304,0.562585631366696,"Erin",FALSE,8,0.275988937270969,0.524983836094973,FALSE,22
0.817340686157304,0.562585631366696,"Erin",FALSE,8,0.616051610398872,0.347346725931759,FALSE,22
0.817340686157304,0.562585631366696,"Erin",FALSE,8,0.571050801930291,0.88084752677082,FALSE,22
0.817340686157304,0.562585631366696,"Erin",FALSE,8,0.957782588006778,0.35934677843331,FALSE,22
0.817340686157304,0.562585631366696,"Erin",FALSE,8,0.872366517621265,0.907962938754583,FALSE,22
0.817340686157304,0.562585631366696,"Erin",FALSE,8,0.946328492346191,0.532107634577831,FALSE,22
0.817340686157304,0.562585631366696,"Erin",FALSE,8,0.920235155262116,0.612230174192744,FALSE,22
0.817340686157304,0.562585631366696,"Erin",FALSE,8,0.830541046370274,0.39156079589459,FALSE,22
0.817340686157304,0.562585631366696,"Erin",FALSE,8,0.742280140229653,0.116871087980768,FALSE,22
0.817340686157304,0.562585631366696,"Erin",FALSE,8,0.402561120708049,0.982219783391926,FALSE,22
0.817340686157304,0.562585631366696,"Erin",FALSE,8,0.992279768397257,0.0237780996717569,FALSE,22
0.817340686157304,0.562585631366696,"Erin",FALSE,8,0.917956025183637,0.194517965097976,FALSE,22
0.817340686157304,0.562585631366696,"Erin",FALSE,8,0.687496173053483,0.959545367937445,FALSE,22
0.817340686157304,0.562585631366696,"Erin",FALSE,8,0.13388536931527,0.639513856474761,FALSE,22
0.832464921256442,0.366634931708521,"Robert",FALSE,21,0.710638581613088,0.724686845926789,FALSE,17
0.832464921256442,0.366634931708521,"Robert",FALSE,21,0.437575567029904,0.426367551015803,FALSE,17
0.832464921256442,0.366634931708521,"Robert",FALSE,21,0.544463691067903,0.266382288331058,FALSE,17
0.832464921256442,0.366634931708521,"Robert",FALSE,21,0.724248912476851,0.536198080082834,FALSE,17
0.832464921256442,0.366634931708521,"Robert",FALSE,21,0.515524300190907,0.452076971142923,FALSE,17
0.832464921256442,0.366634931708521,"Robert",FALSE,21,0.457414260783091,0.739012730362876,FALSE,17
0.832464921256442,0.366634931708521,"Robert",FALSE,21,0.819264561043471,0.537659767180626,FALSE,17
0.832464921256442,0.366634931708521,"Robert",FALSE,21,0.373539286098994,0.307168618169984,FALSE,17
0.832464921256442,0.366634931708521,"Robert",FALSE,21,0.345582836313554,0.773379815032195,FALSE,17
0.832464921256442,0.366634931708521,"Robert",FALSE,21,0.716618301539222,0.209238244343954,FALSE,17
0.832464921256442,0.366634931708521,"Robert",FALSE,21,0.451386493082908,0.167754884258773,FALSE,17
0.832464921256442,0.366634931708521,"Robert",FALSE,21,0.275188570745129,0.516749038946743,FALSE,17
0.832464921256442,0.366634931708521,"Robert",FALSE,21,0.623658437786416,0.3330565367464,FALSE,17
0.832464921256442,0.366634931708521,"Robert",FALSE,21,0.947478687715622,0.343673923793972,FALSE,17
0.832464921256442,0.366634931708521,"Robert",FALSE,21,0.9543010726198,0.507452876915991,FALSE,17
0.832464921256442,0.366634931708521,"Robert",FALSE,21,0.932875014156693,0.600127384197616,FALSE,17
0.832464921256442,0.366634931708521,"Robert",FALSE,21,0.746255909004014,0.11586023841022,FALSE,17
0.832464921256442,0.366634931708521,"Robert",FALSE,21,0.399412219504741,0.979581836419035,FALSE,17
0.832464921256442,0.366634931708521,"Robert",FALSE,21,0.173085186041873,0.319028681886025,FALSE,17
0.832464921256442,0.366634931708521,"Robert",FALSE,21,0.685734486472057,0.959039810049109,FALSE,17
0.841108210975109,0.744070542132486,"Jan",FALSE,15,0.39336863380282,0.623050614602319,FALSE,18
0.841108210975109,0.744070542132486,"Jan",FALSE,15,0.727573812510885,0.747581616610189,FALSE,18
0.841108210975109,0.744070542132486,"Jan",FALSE,15,0.433018842537976,0.444888044749067,FALSE,18
0.841108210975109,0.744070542132486,"Jan",FALSE,15,0.534611039721854,0.279037539828374,FALSE,18
0.841108210975109,0.744070542132486,"Jan",FALSE,15,0.725102796980951,0.577776010575824,FALSE,18
0.841108210975109,0.744070542132486,"Jan",FALSE,15,0.510752608717892,0.474393624651173,FALSE,18
0.841108210975109,0.744070542132486,"Jan",FALSE,15,0.3513004665874,0.787214313435493,FALSE,18
0.841108210975109,0.744070542132486,"Jan",FALSE,15,0.707885819174636,0.213351634059599,FALSE,18
0.841108210975109,0.744070542132486,"Jan",FALSE,15,0.443568363349703,0.176662936482958,FALSE,18
0.841108210975109,0.744070542132486,"Jan",FALSE,15,0.274463163268424,0.532013851120623,FALSE,18
0.841108210975109,0.744070542132486,"Jan",FALSE,15,0.611574621908937,0.350680390064643,FALSE,18
0.841108210975109,0.744070542132486,"Jan",FALSE,15,0.871713772542998,0.908075821765329,FALSE,18
0.841108210975109,0.744070542132486,"Jan",FALSE,15,0.742029597910577,0.116911973543313,FALSE,18
0.841108210975109,0.744070542132486,"Jan",FALSE,15,0.406789023082608,0.98776667666633,FALSE,18
0.841108210975109,0.744070542132486,"Jan",FALSE,15,0.693704825849279,0.962581292358498,FALSE,18
0.876299932292712,0.932651564658477,"Holly",FALSE,18,0.390449504497298,0.629753572862575,FALSE,15
0.876299932292712,0.932651564658477,"Holly",FALSE,18,0.719733376014976,0.766546661781349,FALSE,15
0.876299932292712,0.932651564658477,"Holly",FALSE,18,0.720884910538191,0.580147402504054,FALSE,15
0.876299932292712,0.932651564658477,"Holly",FALSE,18,0.507144306321639,0.477992426663693,FALSE,15
0.876299932292712,0.932651564658477,"Holly",FALSE,18,0.462860161191313,0.765974700490549,FALSE,15
0.876299932292712,0.932651564658477,"Holly",FALSE,18,0.364816519721842,0.323106928217231,FALSE,15
0.876299932292712,0.932651564658477,"Holly",FALSE,18,0.707511073318153,0.213442637106522,FALSE,15
0.876299932292712,0.932651564658477,"Holly",FALSE,18,0.609413400531024,0.351804018849466,FALSE,15
0.876299932292712,0.932651564658477,"Holly",FALSE,18,0.968017782340815,0.363461197991194,FALSE,15
0.876299932292712,0.932651564658477,"Holly",FALSE,18,0.83439525962964,0.391560296174562,FALSE,15
0.924548183251387,0.170402753052261,"Pete",FALSE,28,0.435149800907412,0.418792011732085,FALSE,14
0.924548183251387,0.170402753052261,"Pete",FALSE,28,0.545282659835466,0.252852745966847,FALSE,14
0.924548183251387,0.170402753052261,"Pete",FALSE,28,0.72288951869046,0.535389851555709,FALSE,14
0.924548183251387,0.170402753052261,"Pete",FALSE,28,0.512200451665273,0.444736489225366,FALSE,14
0.924548183251387,0.170402753052261,"Pete",FALSE,28,0.45560728814785,0.737362750887135,FALSE,14
0.924548183251387,0.170402753052261,"Pete",FALSE,28,0.823932844225055,0.538470419320981,FALSE,14
0.924548183251387,0.170402753052261,"Pete",FALSE,28,0.726711451341019,0.187012370264827,FALSE,14
0.924548183251387,0.170402753052261,"Pete",FALSE,28,0.621448337176909,0.318133992671548,FALSE,14
0.924548183251387,0.170402753052261,"Pete",FALSE,28,0.965214257360868,0.314716686547244,FALSE,14
0.924548183251387,0.170402753052261,"Pete",FALSE,28,0.941746933726866,0.598114003444206,FALSE,14
0.924548183251387,0.170402753052261,"Pete",FALSE,28,0.761182959061285,0.101887287671233,FALSE,14
0.924548183251387,0.170402753052261,"Pete",FALSE,28,0.989878221014717,0.0228593436076603,FALSE,14
0.924548183251387,0.170402753052261,"Pete",FALSE,28,0.68693340045964,0.959368608431866,FALSE,14
0.942751400097121,0.623093816239962,"Gabe",FALSE,20,0.394233035872083,0.616813640149498,FALSE,18
0.942751400097121,0.623093816239962,"Gabe",FALSE,20,0.72475201660047,0.736793365052292,FALSE,18
0.942751400097121,0.623093816239962,"Gabe",FALSE,20,0.436347347882369,0.438661873643743,FALSE,18
0.942751400097121,0.623093816239962,"Gabe",FALSE,20,0.539761336331204,0.274518508667328,FALSE,18
0.942751400097121,0.623093816239962,"Gabe",FALSE,20,0.734849810925219,0.564096885152047,FALSE,18
0.942751400097121,0.623093816239962,"Gabe",FALSE,20,0.514874579604047,0.467145140257468,FALSE,18
0.942751400097121,0.623093816239962,"Gabe",FALSE,20,0.83985693099231,0.573449273413914,FALSE,18
0.942751400097121,0.623093816239962,"Gabe",FALSE,20,0.370769329350464,0.315788100485237,FALSE,18
0.942751400097121,0.623093816239962,"Gabe",FALSE,20,0.713934273342928,0.210961123091887,FALSE,18
0.942751400097121,0.623093816239962,"Gabe",FALSE,20,0.2757925915044,0.52682308915168,FALSE,18
0.942751400097121,0.623093816239962,"Gabe",FALSE,20,0.61797493754066,0.345336051867532,FALSE,18
0.942751400097121,0.623093816239962,"Gabe",FALSE,20,0.576066697622266,0.886049796507439,FALSE,18
0.942751400097121,0.623093816239962,"Gabe",FALSE,20,0.969437001554047,0.363648374233533,FALSE,18
0.942751400097121,0.623093816239962,"Gabe",FALSE,20,0.84234130719687,0.389601363750867,FALSE,18
0.942751400097121,0.623093816239962,"Gabe",FALSE,20,0.747119792733674,0.115545380592032,FALSE,18
0.942751400097121,0.623093816239962,"Gabe",FALSE,20,0.925552649621642,0.195382565848017,FALSE,18
0.942751400097121,0.623093816239962,"Gabe",FALSE,20,0.694466884845399,0.963116278709119,FALSE,18
0.970658531117522,0.526358790051708,"Nellie",FALSE,19,0.721840596773319,0.732409120786323,FALSE,16
0.970658531117522,0.526358790051708,"Nellie",FALSE,19,0.437492676475959,0.434357701761991,FALSE,16
0.970658531117522,0.526358790051708,"Nellie",FALSE,19,0.542326053919577,0.270966642926745,FALSE,16
0.970658531117522,0.526358790051708,"Nellie",FALSE,19,0.735624378019507,0.554318810448604,FALSE,16
0.970658531117522,0.526358790051708,"Nellie",FALSE,19,0.516139769538573,0.462084707791428,FALSE,16
0.970658531117522,0.526358790051708,"Nellie",FALSE,19,0.462609623685757,0.746680529501068,FALSE,16
0.970658531117522,0.526358790051708,"Nellie",FALSE,19,0.841670724928635,0.556836786840573,FALSE,16
0.970658531117522,0.526358790051708,"Nellie",FALSE,19,0.349542009119591,0.77995784939932,FALSE,16
0.970658531117522,0.526358790051708,"Nellie",FALSE,19,0.717383069024583,0.208652312743669,FALSE,16
0.970658531117522,0.526358790051708,"Nellie",FALSE,19,0.44986096481475,0.170297845443333,FALSE,16
0.970658531117522,0.526358790051708,"Nellie",FALSE,19,0.621057999259297,0.340807561077575,FALSE,16
0.970658531117522,0.526358790051708,"Nellie",FALSE,19,0.574314195999583,0.883873875876954,FALSE,16
0.970658531117522,0.526358790051708,"Nellie",FALSE,19,0.971816809681802,0.363778942439787,FALSE,16
0.970658531117522,0.526358790051708,"Nellie",FALSE,19,0.848822379754164,0.385540844844238,FALSE,16
0.970658531117522,0.526358790051708,"Nellie",FALSE,19,0.749932226003488,0.114256179725042,FALSE,16
0.970658531117522,0.526358790051708,"Nellie",FALSE,19,0.404425412505168,0.984279553553209,FALSE,16
0.970658531117522,0.526358790051708,"Nellie",FALSE,19,0.998608554313346,0.0249612475429634,FALSE,16
0.970658531117522,0.526358790051708,"Nellie",FALSE,19,0.693150761408066,0.962218118665075,FALSE,16
0.971994914346566,0.338779576873269,"Meredith",FALSE,17,0.391940092636822,0.606064921832414,FALSE,21
0.971994914346566,0.338779576873269,"Meredith",FALSE,17,0.716324464458369,0.72746782755064,FALSE,21
0.971994914346566,0.338779576873269,"Meredith",FALSE,17,0.437529808355295,0.42607663961701,FALSE,21
0.971994914346566,0.338779576873269,"Meredith",FALSE,17,0.545463433458292,0.262561221135279,FALSE,21
0.971994914346566,0.338779576873269,"Meredith",FALSE,17,0.729974967874905,0.541231502194938,FALSE,21
0.971994914346566,0.338779576873269,"Meredith",FALSE,17,0.515643730678205,0.452537372335714,FALSE,21
0.971994914346566,0.338779576873269,"Meredith",FALSE,17,0.373707624843631,0.305350725857735,FALSE,21
0.971994914346566,0.338779576873269,"Meredith",FALSE,17,0.723667894028493,0.201218192651118,FALSE,21
0.971994914346566,0.338779576873269,"Meredith",FALSE,17,0.275268740142157,0.517054316177801,FALSE,21
0.971994914346566,0.338779576873269,"Meredith",FALSE,17,0.623967117937334,0.329736622013612,FALSE,21
0.971994914346566,0.338779576873269,"Meredith",FALSE,17,0.848791131821102,0.720280360811735,FALSE,21
0.971994914346566,0.338779576873269,"Meredith",FALSE,17,0.570632843681265,0.880531036810281,FALSE,21
0.971994914346566,0.338779576873269,"Meredith",FALSE,17,0.970836635782286,0.501359424485191,FALSE,21
0.971994914346566,0.338779576873269,"Meredith",FALSE,17,0.755333021514937,0.110356680663855,FALSE,21
0.971994914346566,0.338779576873269,"Meredith",FALSE,17,0.931328840237086,0.194465643378286,FALSE,21
1,0,"Clark",FALSE,25,0.711818917095942,0.725121883162861,FALSE,10
1,0,"Clark",FALSE,25,0.433024501823516,0.415332920095442,FALSE,10
1,0,"Clark",FALSE,25,0.542861944628909,0.24630530203033,FALSE,10
1,0,"Clark",FALSE,25,0.825060917760047,0.538807531694939,FALSE,10
1,0,"Clark",FALSE,25,0.722911781791152,0.175715320244726,FALSE,10
1,0,"Clark",FALSE,25,0.846329098661008,0.719621772597574,FALSE,10
1,0,"Clark",FALSE,25,0.974054504832999,0.313864559573893,FALSE,10
1,0,"Clark",FALSE,25,0.761709078435462,0.0839143000685551,FALSE,10
1,0,"Clark",FALSE,25,0.93466996223667,0.147543409444601,FALSE,10
